{"mean_stat": [533749178.75492024, 537379151.9412827, 553560684.251823, 587164297.7995199, 631868827.5506272, 662598279.7375823, 684377628.7270963, 695391900.076011, 692470493.5234187, 679434068.1698124, 666124153.9164762, 656323498.7897255, 665750586.0282139, 678693518.7836165, 681921713.5434498, 679622373.0941861, 669891550.4909347, 656595089.7941492, 653838531.0994304, 637678601.7858486, 628412248.7348012, 644835299.462052, 638840698.1892803, 646181879.4332589, 639724189.2981818, 642757470.3933163, 637471382.8647255, 642368839.4687729, 643414999.4559816, 647384269.1630985, 649348352.9727564, 649293860.0141628, 650234047.7200857, 654485430.6703687, 660474314.9996675, 667417041.2224753, 673157601.3226709, 675674470.304284, 675124085.6890339, 668017589.4583111, 670061307.6169846, 662625614.6886193, 663144526.4351237, 662504003.7634674, 666413530.1149732, 672263295.5639057, 678483738.2530766, 685387098.3034457, 692570857.529439, 699066050.4399202, 700784878.5879861, 701201520.50868, 702666292.305144, 705443439.2278953, 706070270.9023902, 705988909.8337733, 702843339.0362502, 699318566.4701376, 696089900.3030818, 687559674.541517, 675279201.9502573, 663676352.2301354, 662963751.7464145, 664300133.8414352, 666095384.4212626, 671682092.7777623, 676652386.6696675, 680097668.2490273, 683810023.0071762, 688701544.3655603, 692082724.9923568, 695788849.6782106, 701085780.0070009, 706389529.7959046, 711492753.1344281, 717637923.73355, 719691678.2081754, 715810733.4964175, 696362890.4862831, 604649423.9932467], "var_stat": [5413314850.92017, 5559847287.933615, 6150990253.613769, 6921242242.585692, 7999776708.347419, 8789877370.390867, 9405801233.462742, 9768050110.323652, 9759783206.942099, 9430647265.679018, 9090547056.72849, 8873147345.425886, 9155912918.518642, 9542539953.84679, 9653547618.806402, 9593434792.936714, 9316633026.420147, 8959273999.588833, 8863548125.445953, 8450615911.730164, 8211598033.615433, 8587083872.162145, 8432613574.987708, 8583943640.722399, 8401731458.393406, 8439359231.367369, 8293779802.711447, 8401506934.147289, 8427506949.839874, 8525176341.071184, 8577080109.482346, 8575106681.347283, 8594987363.896849, 8701703698.13697, 8854967559.695303, 9029484499.828356, 9168774993.437275, 9221457044.693224, 9194525496.858181, 8997085233.031223, 9024585998.805922, 8819398159.92156, 8807895653.788486, 8777245867.886335, 8869681168.825321, 9017397167.041729, 9173402827.38027, 9345595113.30765, 9530638054.282673, 9701241750.610865, 9749002220.142677, 9762753891.356327, 9802020174.527405, 9874432300.977995, 9883303068.689241, 9873499335.610315, 9780680890.924107, 9672603363.913414, 9569436761.47915, 9321842521.985804, 8968140697.297707, 8646348638.918655, 8616965457.523136, 8648620220.395298, 8702086138.675117, 8859213220.99842, 8999405313.087536, 9105949447.399998, 9220413227.016796, 9358601578.269663, 9451405873.00428, 9552727080.824707, 9695443509.54488, 9836687193.669691, 9970962418.410656, 10135881535.317768, 10189390919.400673, 10070483257.345238, 9532953296.22076, 7261219636.045063], "frame_num": 54068199}
