{"mean_stat": [3419817384.9589553, 3554070049.1888413, 3818511309.9166613, 4066044518.3850017, 4291564631.2871633, 4447813845.146345, 4533096457.680424, 4535743891.989957, 4529762966.952207, 4506798370.255702, 4563810141.721841, 4621582319.277632, 4717208210.814803, 4782916961.295261, 4800534153.252695, 4816978042.979026, 4813370098.242317, 4783029495.131413, 4797780594.144404, 4697681126.278327, 4615891408.325888, 4660549391.6024275, 4576180438.146472, 4609080513.250168, 4575296489.058092, 4602504837.872262, 4568039825.650208, 4596829549.204861, 4590634987.343898, 4604371982.549804, 4623782318.317643, 4643582410.8842745, 4681460771.788484, 4759470876.31175, 4808639788.683043, 4828470941.416027, 4868984035.113543, 4906503986.801533, 4945995579.443381, 4936645225.986488, 4975902400.919519, 4960230208.656678, 4986734786.199859, 4983472199.8246765, 5002204376.162232, 5030432036.352981, 5060386169.086892, 5093482058.577236, 5118330657.308789, 5137270836.326198, 5140137363.319094, 5144296534.330122, 5158812605.654329, 5166263515.51458, 5156261604.282723, 5155820011.532965, 5154511256.8968, 5152063882.193671, 5153425524.412178, 5149000486.683038, 5154587156.35868, 5134412165.07972, 5092874838.792056, 5062281231.5140915, 5029059442.072953, 4996045017.917702, 4962203662.170533, 4928110046.282831, 4900476581.092096, 4881407033.533021, 4859626116.955097, 4851430742.3865795, 4850317443.454599, 4848197040.155383, 4837178106.464577, 4818448202.7298765, 4803345264.527405, 4765785994.104498, 4735296707.352132, 4699957946.40757], "var_stat": [39487786239.20539, 42865198005.60155, 49718916704.468704, 55953639455.490585, 62156293826.00315, 66738657819.12445, 69416921986.47835, 69657873431.17258, 69240303799.53061, 68286972351.43054, 69718367152.18843, 71405427710.7103, 74174200331.87572, 76047347951.43869, 76478048614.40665, 76810929560.19212, 76540466184.85634, 75538479521.34026, 75775624554.07217, 72775991318.16557, 70350402972.93352, 71358602366.48341, 68872845697.9878, 69552396791.49916, 68471390455.59991, 69022047288.07498, 67982260910.11236, 68656154716.71916, 68461419064.9241, 68795285460.65717, 69270474608.52791, 69754495937.76433, 70596044579.14969, 72207936275.97945, 73629619360.65047, 74746445259.57487, 75925168496.81197, 76973508692.04265, 78074337163.3413, 77765963787.96971, 78839167623.49733, 78328768943.2287, 79016127287.03778, 78922638306.99306, 79489768324.9408, 80354861037.44005, 81311991408.12526, 82368205917.26112, 83134782296.1741, 83667769421.23245, 83673751953.46239, 83806087685.62842, 84193971202.07523, 84424752763.34825, 84092846117.64104, 84039114093.08766, 83982515225.7085, 83909645482.75613, 83947278563.15077, 83800767707.19617, 83851106027.8772, 83089292432.37892, 82056425825.3622, 81138570746.92316, 80131843258.75557, 79130160837.19037, 78092166878.71533, 77104785522.79205, 76308548392.10454, 75709445890.58063, 75084778641.6033, 74795849006.19067, 74725807683.832, 74645651838.2169, 74300193368.39339, 73696619147.86806, 73212785808.97992, 72240491743.0697, 71420246227.32545, 70457076435.4593], "frame_num": 345484372}
